Data;date;Dia da Semana;Feriado
01/01/2001;2001-1-1;segunda-feira;Confraternização Universal
26/02/2001;2001-2-26;segunda-feira;Carnaval
27/02/2001;2001-2-27;terça-feira;Carnaval
13/04/2001;2001-4-13;sexta-feira;Paixão de Cristo
21/04/2001;2001-4-21;sábado;Tiradentes
01/05/2001;2001-5-1;terça-feira;Dia do Trabalho
14/06/2001;2001-6-14;quinta-feira;Corpus Christi
07/09/2001;2001-9-7;sexta-feira;Independência do Brasil
12/10/2001;2001-10-12;sexta-feira;Nossa Sr.a Aparecida - Padroeira do Brasil
02/11/2001;2001-11-2;sexta-feira;Finados
15/11/2001;2001-11-15;quinta-feira;Proclamação da República
25/12/2001;2001-12-25;terça-feira;Natal
01/01/2002;2002-1-1;terça-feira;Confraternização Universal
11/02/2002;2002-2-11;segunda-feira;Carnaval
12/02/2002;2002-2-12;terça-feira;Carnaval
29/03/2002;2002-3-29;sexta-feira;Paixão de Cristo
21/04/2002;2002-4-21;domingo;Tiradentes
01/05/2002;2002-5-1;quarta-feira;Dia do Trabalho
30/05/2002;2002-5-30;quinta-feira;Corpus Christi
07/09/2002;2002-9-7;sábado;Independência do Brasil
12/10/2002;2002-10-12;sábado;Nossa Sr.a Aparecida - Padroeira do Brasil
02/11/2002;2002-11-2;sábado;Finados
15/11/2002;2002-11-15;sexta-feira;Proclamação da República
25/12/2002;2002-12-25;quarta-feira;Natal
01/01/2003;2003-1-1;quarta-feira;Confraternização Universal
03/03/2003;2003-3-3;segunda-feira;Carnaval
04/03/2003;2003-3-4;terça-feira;Carnaval
18/04/2003;2003-4-18;sexta-feira;Paixão de Cristo
21/04/2003;2003-4-21;segunda-feira;Tiradentes
01/05/2003;2003-5-1;quinta-feira;Dia do Trabalho
19/06/2003;2003-6-19;quinta-feira;Corpus Christi
07/09/2003;2003-9-7;domingo;Independência do Brasil
12/10/2003;2003-10-12;domingo;Nossa Sr.a Aparecida - Padroeira do Brasil
02/11/2003;2003-11-2;domingo;Finados
15/11/2003;2003-11-15;sábado;Proclamação da República
25/12/2003;2003-12-25;quinta-feira;Natal
01/01/2004;2004-1-1;quinta-feira;Confraternização Universal
23/02/2004;2004-2-23;segunda-feira;Carnaval
24/02/2004;2004-2-24;terça-feira;Carnaval
09/04/2004;2004-4-9;sexta-feira;Paixão de Cristo
21/04/2004;2004-4-21;quarta-feira;Tiradentes
01/05/2004;2004-5-1;sábado;Dia do Trabalho
10/06/2004;2004-6-10;quinta-feira;Corpus Christi
07/09/2004;2004-9-7;terça-feira;Independência do Brasil
12/10/2004;2004-10-12;terça-feira;Nossa Sr.a Aparecida - Padroeira do Brasil
02/11/2004;2004-11-2;terça-feira;Finados
15/11/2004;2004-11-15;segunda-feira;Proclamação da República
25/12/2004;2004-12-25;sábado;Natal
01/01/2005;2005-1-1;sábado;Confraternização Universal
07/02/2005;2005-2-7;segunda-feira;Carnaval
08/02/2005;2005-2-8;terça-feira;Carnaval
25/03/2005;2005-3-25;sexta-feira;Paixão de Cristo
21/04/2005;2005-4-21;quinta-feira;Tiradentes
01/05/2005;2005-5-1;domingo;Dia do Trabalho
26/05/2005;2005-5-26;quinta-feira;Corpus Christi
07/09/2005;2005-9-7;quarta-feira;Independência do Brasil
12/10/2005;2005-10-12;quarta-feira;Nossa Sr.a Aparecida - Padroeira do Brasil
02/11/2005;2005-11-2;quarta-feira;Finados
15/11/2005;2005-11-15;terça-feira;Proclamação da República
25/12/2005;2005-12-25;domingo;Natal
01/01/2006;2006-1-1;domingo;Confraternização Universal
27/02/2006;2006-2-27;segunda-feira;Carnaval
28/02/2006;2006-2-28;terça-feira;Carnaval
14/04/2006;2006-4-14;sexta-feira;Paixão de Cristo
21/04/2006;2006-4-21;sexta-feira;Tiradentes
01/05/2006;2006-5-1;segunda-feira;Dia do Trabalho
15/06/2006;2006-6-15;quinta-feira;Corpus Christi
07/09/2006;2006-9-7;quinta-feira;Independência do Brasil
12/10/2006;2006-10-12;quinta-feira;Nossa Sr.a Aparecida - Padroeira do Brasil
02/11/2006;2006-11-2;quinta-feira;Finados
15/11/2006;2006-11-15;quarta-feira;Proclamação da República
25/12/2006;2006-12-25;segunda-feira;Natal
01/01/2007;2007-1-1;segunda-feira;Confraternização Universal
19/02/2007;2007-2-19;segunda-feira;Carnaval
20/02/2007;2007-2-20;terça-feira;Carnaval
06/04/2007;2007-4-6;sexta-feira;Paixão de Cristo
21/04/2007;2007-4-21;sábado;Tiradentes
01/05/2007;2007-5-1;terça-feira;Dia do Trabalho
07/06/2007;2007-6-7;quinta-feira;Corpus Christi
07/09/2007;2007-9-7;sexta-feira;Independência do Brasil
12/10/2007;2007-10-12;sexta-feira;Nossa Sr.a Aparecida - Padroeira do Brasil
02/11/2007;2007-11-2;sexta-feira;Finados
15/11/2007;2007-11-15;quinta-feira;Proclamação da República
25/12/2007;2007-12-25;terça-feira;Natal
01/01/2008;2008-1-1;terça-feira;Confraternização Universal
04/02/2008;2008-2-4;segunda-feira;Carnaval
05/02/2008;2008-2-5;terça-feira;Carnaval
21/03/2008;2008-3-21;sexta-feira;Paixão de Cristo
21/04/2008;2008-4-21;segunda-feira;Tiradentes
01/05/2008;2008-5-1;quinta-feira;Dia do Trabalho
22/05/2008;2008-5-22;quinta-feira;Corpus Christi
07/09/2008;2008-9-7;domingo;Independência do Brasil
12/10/2008;2008-10-12;domingo;Nossa Sr.a Aparecida - Padroeira do Brasil
02/11/2008;2008-11-2;domingo;Finados
15/11/2008;2008-11-15;sábado;Proclamação da República
25/12/2008;2008-12-25;quinta-feira;Natal
01/01/2009;2009-1-1;quinta-feira;Confraternização Universal
23/02/2009;2009-2-23;segunda-feira;Carnaval
24/02/2009;2009-2-24;terça-feira;Carnaval
10/04/2009;2009-4-10;sexta-feira;Paixão de Cristo
21/04/2009;2009-4-21;terça-feira;Tiradentes
01/05/2009;2009-5-1;sexta-feira;Dia do Trabalho
11/06/2009;2009-6-11;quinta-feira;Corpus Christi
07/09/2009;2009-9-7;segunda-feira;Independência do Brasil
12/10/2009;2009-10-12;segunda-feira;Nossa Sr.a Aparecida - Padroeira do Brasil
02/11/2009;2009-11-2;segunda-feira;Finados
15/11/2009;2009-11-15;domingo;Proclamação da República
25/12/2009;2009-12-25;sexta-feira;Natal
01/01/2010;2010-1-1;sexta-feira;Confraternização Universal
15/02/2010;2010-2-15;segunda-feira;Carnaval
16/02/2010;2010-2-16;terça-feira;Carnaval
02/04/2010;2010-4-2;sexta-feira;Paixão de Cristo
21/04/2010;2010-4-21;quarta-feira;Tiradentes
01/05/2010;2010-5-1;sábado;Dia do Trabalho
03/06/2010;2010-6-3;quinta-feira;Corpus Christi
07/09/2010;2010-9-7;terça-feira;Independência do Brasil
12/10/2010;2010-10-12;terça-feira;Nossa Sr.a Aparecida - Padroeira do Brasil
02/11/2010;2010-11-2;terça-feira;Finados
15/11/2010;2010-11-15;segunda-feira;Proclamação da República
25/12/2010;2010-12-25;sábado;Natal
01/01/2011;2011-1-1;sábado;Confraternização Universal
07/03/2011;2011-3-7;segunda-feira;Carnaval
08/03/2011;2011-3-8;terça-feira;Carnaval
21/04/2011;2011-4-21;quinta-feira;Paixão de Cristo
22/04/2011;2011-4-22;sexta-feira;Tiradentes
01/05/2011;2011-5-1;domingo;Dia do Trabalho
23/06/2011;2011-6-23;quinta-feira;Corpus Christi
07/09/2011;2011-9-7;quarta-feira;Independência do Brasil
12/10/2011;2011-10-12;quarta-feira;Nossa Sr.a Aparecida - Padroeira do Brasil
02/11/2011;2011-11-2;quarta-feira;Finados
15/11/2011;2011-11-15;terça-feira;Proclamação da República
25/12/2011;2011-12-25;domingo;Natal
01/01/2012;2012-1-1;domingo;Confraternização Universal
20/02/2012;2012-2-20;segunda-feira;Carnaval
21/02/2012;2012-2-21;terça-feira;Carnaval
06/04/2012;2012-4-6;sexta-feira;Paixão de Cristo
21/04/2012;2012-4-21;sábado;Tiradentes
01/05/2012;2012-5-1;terça-feira;Dia do Trabalho
07/06/2012;2012-6-7;quinta-feira;Corpus Christi
07/09/2012;2012-9-7;sexta-feira;Independência do Brasil
12/10/2012;2012-10-12;sexta-feira;Nossa Sr.a Aparecida - Padroeira do Brasil
02/11/2012;2012-11-2;sexta-feira;Finados
15/11/2012;2012-11-15;quinta-feira;Proclamação da República
25/12/2012;2012-12-25;terça-feira;Natal
01/01/2013;2013-1-1;terça-feira;Confraternização Universal
11/02/2013;2013-2-11;segunda-feira;Carnaval
12/02/2013;2013-2-12;terça-feira;Carnaval
29/03/2013;2013-3-29;sexta-feira;Paixão de Cristo
21/04/2013;2013-4-21;domingo;Tiradentes
01/05/2013;2013-5-1;quarta-feira;Dia do Trabalho
30/05/2013;2013-5-30;quinta-feira;Corpus Christi
07/09/2013;2013-9-7;sábado;Independência do Brasil
12/10/2013;2013-10-12;sábado;Nossa Sr.a Aparecida - Padroeira do Brasil
02/11/2013;2013-11-2;sábado;Finados
15/11/2013;2013-11-15;sexta-feira;Proclamação da República
25/12/2013;2013-12-25;quarta-feira;Natal
01/01/2014;2014-1-1;quarta-feira;Confraternização Universal
03/03/2014;2014-3-3;segunda-feira;Carnaval
04/03/2014;2014-3-4;terça-feira;Carnaval
18/04/2014;2014-4-18;sexta-feira;Paixão de Cristo
21/04/2014;2014-4-21;segunda-feira;Tiradentes
01/05/2014;2014-5-1;quinta-feira;Dia do Trabalho
19/06/2014;2014-6-19;quinta-feira;Corpus Christi
07/09/2014;2014-9-7;domingo;Independência do Brasil
12/10/2014;2014-10-12;domingo;Nossa Sr.a Aparecida - Padroeira do Brasil
02/11/2014;2014-11-2;domingo;Finados
15/11/2014;2014-11-15;sábado;Proclamação da República
25/12/2014;2014-12-25;quinta-feira;Natal
01/01/2015;2015-1-1;quinta-feira;Confraternização Universal
16/02/2015;2015-2-16;segunda-feira;Carnaval
17/02/2015;2015-2-17;terça-feira;Carnaval
03/04/2015;2015-4-3;sexta-feira;Paixão de Cristo
21/04/2015;2015-4-21;terça-feira;Tiradentes
01/05/2015;2015-5-1;sexta-feira;Dia do Trabalho
04/06/2015;2015-6-4;quinta-feira;Corpus Christi
07/09/2015;2015-9-7;segunda-feira;Independência do Brasil
12/10/2015;2015-10-12;segunda-feira;Nossa Sr.a Aparecida - Padroeira do Brasil
02/11/2015;2015-11-2;segunda-feira;Finados
15/11/2015;2015-11-15;domingo;Proclamação da República
25/12/2015;2015-12-25;sexta-feira;Natal
01/01/2016;2016-1-1;sexta-feira;Confraternização Universal
08/02/2016;2016-2-8;segunda-feira;Carnaval
09/02/2016;2016-2-9;terça-feira;Carnaval
25/03/2016;2016-3-25;sexta-feira;Paixão de Cristo
21/04/2016;2016-4-21;quinta-feira;Tiradentes
01/05/2016;2016-5-1;domingo;Dia do Trabalho
26/05/2016;2016-5-26;quinta-feira;Corpus Christi
07/09/2016;2016-9-7;quarta-feira;Independência do Brasil
12/10/2016;2016-10-12;quarta-feira;Nossa Sr.a Aparecida - Padroeira do Brasil
02/11/2016;2016-11-2;quarta-feira;Finados
15/11/2016;2016-11-15;terça-feira;Proclamação da República
25/12/2016;2016-12-25;domingo;Natal
01/01/2017;2017-1-1;domingo;Confraternização Universal
27/02/2017;2017-2-27;segunda-feira;Carnaval
28/02/2017;2017-2-28;terça-feira;Carnaval
14/04/2017;2017-4-14;sexta-feira;Paixão de Cristo
21/04/2017;2017-4-21;sexta-feira;Tiradentes
01/05/2017;2017-5-1;segunda-feira;Dia do Trabalho
15/06/2017;2017-6-15;quinta-feira;Corpus Christi
07/09/2017;2017-9-7;quinta-feira;Independência do Brasil
12/10/2017;2017-10-12;quinta-feira;Nossa Sr.a Aparecida - Padroeira do Brasil
02/11/2017;2017-11-2;quinta-feira;Finados
15/11/2017;2017-11-15;quarta-feira;Proclamação da República
25/12/2017;2017-12-25;segunda-feira;Natal
01/01/2018;2018-1-1;segunda-feira;Confraternização Universal
12/02/2018;2018-2-12;segunda-feira;Carnaval
13/02/2018;2018-2-13;terça-feira;Carnaval
30/03/2018;2018-3-30;sexta-feira;Paixão de Cristo
21/04/2018;2018-4-21;sábado;Tiradentes
01/05/2018;2018-5-1;terça-feira;Dia do Trabalho
31/05/2018;2018-5-31;quinta-feira;Corpus Christi
07/09/2018;2018-9-7;sexta-feira;Independência do Brasil
12/10/2018;2018-10-12;sexta-feira;Nossa Sr.a Aparecida - Padroeira do Brasil
02/11/2018;2018-11-2;sexta-feira;Finados
15/11/2018;2018-11-15;quinta-feira;Proclamação da República
25/12/2018;2018-12-25;terça-feira;Natal
01/01/2019;2019-1-1;terça-feira;Confraternização Universal
04/03/2019;2019-3-4;segunda-feira;Carnaval
05/03/2019;2019-3-5;terça-feira;Carnaval
19/04/2019;2019-4-19;sexta-feira;Paixão de Cristo
21/04/2019;2019-4-21;domingo;Tiradentes
01/05/2019;2019-5-1;quarta-feira;Dia do Trabalho
20/06/2019;2019-6-20;quinta-feira;Corpus Christi
07/09/2019;2019-9-7;sábado;Independência do Brasil
12/10/2019;2019-10-12;sábado;Nossa Sr.a Aparecida - Padroeira do Brasil
02/11/2019;2019-11-2;sábado;Finados
15/11/2019;2019-11-15;sexta-feira;Proclamação da República
25/12/2019;2019-12-25;quarta-feira;Natal
01/01/2020;2020-1-1;quarta-feira;Confraternização Universal
24/02/2020;2020-2-24;segunda-feira;Carnaval
25/02/2020;2020-2-25;terça-feira;Carnaval
10/04/2020;2020-4-10;sexta-feira;Paixão de Cristo
21/04/2020;2020-4-21;terça-feira;Tiradentes
01/05/2020;2020-5-1;sexta-feira;Dia do Trabalho
11/06/2020;2020-6-11;quinta-feira;Corpus Christi
07/09/2020;2020-9-7;segunda-feira;Independência do Brasil
12/10/2020;2020-10-12;segunda-feira;Nossa Sr.a Aparecida - Padroeira do Brasil
02/11/2020;2020-11-2;segunda-feira;Finados
15/11/2020;2020-11-15;domingo;Proclamação da República
25/12/2020;2020-12-25;sexta-feira;Natal
01/01/2021;2021-1-1;sexta-feira;Confraternização Universal
15/02/2021;2021-2-15;segunda-feira;Carnaval
16/02/2021;2021-2-16;terça-feira;Carnaval
02/04/2021;2021-4-2;sexta-feira;Paixão de Cristo
21/04/2021;2021-4-21;quarta-feira;Tiradentes
01/05/2021;2021-5-1;sábado;Dia do Trabalho
03/06/2021;2021-6-3;quinta-feira;Corpus Christi
07/09/2021;2021-9-7;terça-feira;Independência do Brasil
12/10/2021;2021-10-12;terça-feira;Nossa Sr.a Aparecida - Padroeira do Brasil
02/11/2021;2021-11-2;terça-feira;Finados
15/11/2021;2021-11-15;segunda-feira;Proclamação da República
25/12/2021;2021-12-25;sábado;Natal
01/01/2022;2022-1-1;sábado;Confraternização Universal
28/02/2022;2022-2-28;segunda-feira;Carnaval
01/03/2022;2022-3-1;terça-feira;Carnaval
15/04/2022;2022-4-15;sexta-feira;Paixão de Cristo
21/04/2022;2022-4-21;quinta-feira;Tiradentes
01/05/2022;2022-5-1;domingo;Dia do Trabalho
16/06/2022;2022-6-16;quinta-feira;Corpus Christi
07/09/2022;2022-9-7;quarta-feira;Independência do Brasil
12/10/2022;2022-10-12;quarta-feira;Nossa Sr.a Aparecida - Padroeira do Brasil
02/11/2022;2022-11-2;quarta-feira;Finados
15/11/2022;2022-11-15;terça-feira;Proclamação da República
25/12/2022;2022-12-25;domingo;Natal
01/01/2023;2023-1-1;domingo;Confraternização Universal
20/02/2023;2023-2-20;segunda-feira;Carnaval
21/02/2023;2023-2-21;terça-feira;Carnaval
07/04/2023;2023-4-7;sexta-feira;Paixão de Cristo
21/04/2023;2023-4-21;sexta-feira;Tiradentes
01/05/2023;2023-5-1;segunda-feira;Dia do Trabalho
08/06/2023;2023-6-8;quinta-feira;Corpus Christi
07/09/2023;2023-9-7;quinta-feira;Independência do Brasil
12/10/2023;2023-10-12;quinta-feira;Nossa Sr.a Aparecida - Padroeira do Brasil
02/11/2023;2023-11-2;quinta-feira;Finados
15/11/2023;2023-11-15;quarta-feira;Proclamação da República
25/12/2023;2023-12-25;segunda-feira;Natal
01/01/2024;2024-1-1;segunda-feira;Confraternização Universal
12/02/2024;2024-2-12;segunda-feira;Carnaval
13/02/2024;2024-2-13;terça-feira;Carnaval
29/03/2024;2024-3-29;sexta-feira;Paixão de Cristo
21/04/2024;2024-4-21;domingo;Tiradentes
01/05/2024;2024-5-1;quarta-feira;Dia do Trabalho
30/05/2024;2024-5-30;quinta-feira;Corpus Christi
07/09/2024;2024-9-7;sábado;Independência do Brasil
12/10/2024;2024-10-12;sábado;Nossa Sr.a Aparecida - Padroeira do Brasil
02/11/2024;2024-11-2;sábado;Finados
15/11/2024;2024-11-15;sexta-feira;Proclamação da República
25/12/2024;2024-12-25;quarta-feira;Natal
01/01/2025;2025-1-1;quarta-feira;Confraternização Universal
03/03/2025;2025-3-3;segunda-feira;Carnaval
04/03/2025;2025-3-4;terça-feira;Carnaval
18/04/2025;2025-4-18;sexta-feira;Paixão de Cristo
21/04/2025;2025-4-21;segunda-feira;Tiradentes
01/05/2025;2025-5-1;quinta-feira;Dia do Trabalho
19/06/2025;2025-6-19;quinta-feira;Corpus Christi
07/09/2025;2025-9-7;domingo;Independência do Brasil
12/10/2025;2025-10-12;domingo;Nossa Sr.a Aparecida - Padroeira do Brasil
02/11/2025;2025-11-2;domingo;Finados
15/11/2025;2025-11-15;sábado;Proclamação da República
25/12/2025;2025-12-25;quinta-feira;Natal
01/01/2026;2026-1-1;quinta-feira;Confraternização Universal
16/02/2026;2026-2-16;segunda-feira;Carnaval
17/02/2026;2026-2-17;terça-feira;Carnaval
03/04/2026;2026-4-3;sexta-feira;Paixão de Cristo
21/04/2026;2026-4-21;terça-feira;Tiradentes
01/05/2026;2026-5-1;sexta-feira;Dia do Trabalho
04/06/2026;2026-6-4;quinta-feira;Corpus Christi
07/09/2026;2026-9-7;segunda-feira;Independência do Brasil
12/10/2026;2026-10-12;segunda-feira;Nossa Sr.a Aparecida - Padroeira do Brasil
02/11/2026;2026-11-2;segunda-feira;Finados
15/11/2026;2026-11-15;domingo;Proclamação da República
25/12/2026;2026-12-25;sexta-feira;Natal
01/01/2027;2027-1-1;sexta-feira;Confraternização Universal
08/02/2027;2027-2-8;segunda-feira;Carnaval
09/02/2027;2027-2-9;terça-feira;Carnaval
26/03/2027;2027-3-26;sexta-feira;Paixão de Cristo
21/04/2027;2027-4-21;quarta-feira;Tiradentes
01/05/2027;2027-5-1;sábado;Dia do Trabalho
27/05/2027;2027-5-27;quinta-feira;Corpus Christi
07/09/2027;2027-9-7;terça-feira;Independência do Brasil
12/10/2027;2027-10-12;terça-feira;Nossa Sr.a Aparecida - Padroeira do Brasil
02/11/2027;2027-11-2;terça-feira;Finados
15/11/2027;2027-11-15;segunda-feira;Proclamação da República
25/12/2027;2027-12-25;sábado;Natal
01/01/2028;2028-1-1;sábado;Confraternização Universal
28/02/2028;2028-2-28;segunda-feira;Carnaval
29/02/2028;2028-2-29;terça-feira;Carnaval
14/04/2028;2028-4-14;sexta-feira;Paixão de Cristo
21/04/2028;2028-4-21;sexta-feira;Tiradentes
01/05/2028;2028-5-1;segunda-feira;Dia do Trabalho
15/06/2028;2028-6-15;quinta-feira;Corpus Christi
07/09/2028;2028-9-7;quinta-feira;Independência do Brasil
12/10/2028;2028-10-12;quinta-feira;Nossa Sr.a Aparecida - Padroeira do Brasil
02/11/2028;2028-11-2;quinta-feira;Finados
15/11/2028;2028-11-15;quarta-feira;Proclamação da República
25/12/2028;2028-12-25;segunda-feira;Natal
01/01/2029;2029-1-1;segunda-feira;Confraternização Universal
12/02/2029;2029-2-12;segunda-feira;Carnaval
13/02/2029;2029-2-13;terça-feira;Carnaval
30/03/2029;2029-3-30;sexta-feira;Paixão de Cristo
21/04/2029;2029-4-21;sábado;Tiradentes
01/05/2029;2029-5-1;terça-feira;Dia do Trabalho
31/05/2029;2029-5-31;quinta-feira;Corpus Christi
07/09/2029;2029-9-7;sexta-feira;Independência do Brasil
12/10/2029;2029-10-12;sexta-feira;Nossa Sr.a Aparecida - Padroeira do Brasil
02/11/2029;2029-11-2;sexta-feira;Finados
15/11/2029;2029-11-15;quinta-feira;Proclamação da República
25/12/2029;2029-12-25;terça-feira;Natal
01/01/2030;2030-1-1;terça-feira;Confraternização Universal
04/03/2030;2030-3-4;segunda-feira;Carnaval
05/03/2030;2030-3-5;terça-feira;Carnaval
19/04/2030;2030-4-19;sexta-feira;Paixão de Cristo
21/04/2030;2030-4-21;domingo;Tiradentes
01/05/2030;2030-5-1;quarta-feira;Dia do Trabalho
20/06/2030;2030-6-20;quinta-feira;Corpus Christi
07/09/2030;2030-9-7;sábado;Independência do Brasil
12/10/2030;2030-10-12;sábado;Nossa Sr.a Aparecida - Padroeira do Brasil
02/11/2030;2030-11-2;sábado;Finados
15/11/2030;2030-11-15;sexta-feira;Proclamação da República
25/12/2030;2030-12-25;quarta-feira;Natal
01/01/2031;2031-1-1;quarta-feira;Confraternização Universal
24/02/2031;2031-2-24;segunda-feira;Carnaval
25/02/2031;2031-2-25;terça-feira;Carnaval
11/04/2031;2031-4-11;sexta-feira;Paixão de Cristo
21/04/2031;2031-4-21;segunda-feira;Tiradentes
01/05/2031;2031-5-1;quinta-feira;Dia do Trabalho
12/06/2031;2031-6-12;quinta-feira;Corpus Christi
07/09/2031;2031-9-7;domingo;Independência do Brasil
12/10/2031;2031-10-12;domingo;Nossa Sr.a Aparecida - Padroeira do Brasil
02/11/2031;2031-11-2;domingo;Finados
15/11/2031;2031-11-15;sábado;Proclamação da República
25/12/2031;2031-12-25;quinta-feira;Natal
01/01/2032;2032-1-1;quinta-feira;Confraternização Universal
09/02/2032;2032-2-9;segunda-feira;Carnaval
10/02/2032;2032-2-10;terça-feira;Carnaval
26/03/2032;2032-3-26;sexta-feira;Paixão de Cristo
21/04/2032;2032-4-21;quarta-feira;Tiradentes
01/05/2032;2032-5-1;sábado;Dia do Trabalho
27/05/2032;2032-5-27;quinta-feira;Corpus Christi
07/09/2032;2032-9-7;terça-feira;Independência do Brasil
12/10/2032;2032-10-12;terça-feira;Nossa Sr.a Aparecida - Padroeira do Brasil
02/11/2032;2032-11-2;terça-feira;Finados
15/11/2032;2032-11-15;segunda-feira;Proclamação da República
25/12/2032;2032-12-25;sábado;Natal
01/01/2033;2033-1-1;sábado;Confraternização Universal
28/02/2033;2033-2-28;segunda-feira;Carnaval
01/03/2033;2033-3-1;terça-feira;Carnaval
15/04/2033;2033-4-15;sexta-feira;Paixão de Cristo
21/04/2033;2033-4-21;quinta-feira;Tiradentes
01/05/2033;2033-5-1;domingo;Dia do Trabalho
16/06/2033;2033-6-16;quinta-feira;Corpus Christi
07/09/2033;2033-9-7;quarta-feira;Independência do Brasil
12/10/2033;2033-10-12;quarta-feira;Nossa Sr.a Aparecida - Padroeira do Brasil
02/11/2033;2033-11-2;quarta-feira;Finados
15/11/2033;2033-11-15;terça-feira;Proclamação da República
25/12/2033;2033-12-25;domingo;Natal
01/01/2034;2034-1-1;domingo;Confraternização Universal
20/02/2034;2034-2-20;segunda-feira;Carnaval
21/02/2034;2034-2-21;terça-feira;Carnaval
07/04/2034;2034-4-7;sexta-feira;Paixão de Cristo
21/04/2034;2034-4-21;sexta-feira;Tiradentes
01/05/2034;2034-5-1;segunda-feira;Dia do Trabalho
08/06/2034;2034-6-8;quinta-feira;Corpus Christi
07/09/2034;2034-9-7;quinta-feira;Independência do Brasil
12/10/2034;2034-10-12;quinta-feira;Nossa Sr.a Aparecida - Padroeira do Brasil
02/11/2034;2034-11-2;quinta-feira;Finados
15/11/2034;2034-11-15;quarta-feira;Proclamação da República
25/12/2034;2034-12-25;segunda-feira;Natal
01/01/2035;2035-1-1;segunda-feira;Confraternização Universal
05/02/2035;2035-2-5;segunda-feira;Carnaval
06/02/2035;2035-2-6;terça-feira;Carnaval
23/03/2035;2035-3-23;sexta-feira;Paixão de Cristo
21/04/2035;2035-4-21;sábado;Tiradentes
01/05/2035;2035-5-1;terça-feira;Dia do Trabalho
24/05/2035;2035-5-24;quinta-feira;Corpus Christi
07/09/2035;2035-9-7;sexta-feira;Independência do Brasil
12/10/2035;2035-10-12;sexta-feira;Nossa Sr.a Aparecida - Padroeira do Brasil
02/11/2035;2035-11-2;sexta-feira;Finados
15/11/2035;2035-11-15;quinta-feira;Proclamação da República
25/12/2035;2035-12-25;terça-feira;Natal
01/01/2036;2036-1-1;terça-feira;Confraternização Universal
25/02/2036;2036-2-25;segunda-feira;Carnaval
26/02/2036;2036-2-26;terça-feira;Carnaval
11/04/2036;2036-4-11;sexta-feira;Paixão de Cristo
21/04/2036;2036-4-21;segunda-feira;Tiradentes
01/05/2036;2036-5-1;quinta-feira;Dia do Trabalho
12/06/2036;2036-6-12;quinta-feira;Corpus Christi
07/09/2036;2036-9-7;domingo;Independência do Brasil
12/10/2036;2036-10-12;domingo;Nossa Sr.a Aparecida - Padroeira do Brasil
02/11/2036;2036-11-2;domingo;Finados
15/11/2036;2036-11-15;sábado;Proclamação da República
25/12/2036;2036-12-25;quinta-feira;Natal
01/01/2037;2037-1-1;quinta-feira;Confraternização Universal
16/02/2037;2037-2-16;segunda-feira;Carnaval
17/02/2037;2037-2-17;terça-feira;Carnaval
03/04/2037;2037-4-3;sexta-feira;Paixão de Cristo
21/04/2037;2037-4-21;terça-feira;Tiradentes
01/05/2037;2037-5-1;sexta-feira;Dia do Trabalho
04/06/2037;2037-6-4;quinta-feira;Corpus Christi
07/09/2037;2037-9-7;segunda-feira;Independência do Brasil
12/10/2037;2037-10-12;segunda-feira;Nossa Sr.a Aparecida - Padroeira do Brasil
02/11/2037;2037-11-2;segunda-feira;Finados
15/11/2037;2037-11-15;domingo;Proclamação da República
25/12/2037;2037-12-25;sexta-feira;Natal
01/01/2038;2038-1-1;sexta-feira;Confraternização Universal
08/03/2038;2038-3-8;segunda-feira;Carnaval
09/03/2038;2038-3-9;terça-feira;Carnaval
21/04/2038;2038-4-21;quarta-feira;Tiradentes
23/04/2038;2038-4-23;sexta-feira;Paixão de Cristo
01/05/2038;2038-5-1;sábado;Dia do Trabalho
24/06/2038;2038-6-24;quinta-feira;Corpus Christi
07/09/2038;2038-9-7;terça-feira;Independência do Brasil
12/10/2038;2038-10-12;terça-feira;Nossa Sr.a Aparecida - Padroeira do Brasil
02/11/2038;2038-11-2;terça-feira;Finados
15/11/2038;2038-11-15;segunda-feira;Proclamação da República
25/12/2038;2038-12-25;sábado;Natal
01/01/2039;2039-1-1;sábado;Confraternização Universal
21/02/2039;2039-2-21;segunda-feira;Carnaval
22/02/2039;2039-2-22;terça-feira;Carnaval
08/04/2039;2039-4-8;sexta-feira;Paixão de Cristo
21/04/2039;2039-4-21;quinta-feira;Tiradentes
01/05/2039;2039-5-1;domingo;Dia do Trabalho
09/06/2039;2039-6-9;quinta-feira;Corpus Christi
07/09/2039;2039-9-7;quarta-feira;Independência do Brasil
12/10/2039;2039-10-12;quarta-feira;Nossa Sr.a Aparecida - Padroeira do Brasil
02/11/2039;2039-11-2;quarta-feira;Finados
15/11/2039;2039-11-15;terça-feira;Proclamação da República
25/12/2039;2039-12-25;domingo;Natal
01/01/2040;2040-1-1;domingo;Confraternização Universal
13/02/2040;2040-2-13;segunda-feira;Carnaval
14/02/2040;2040-2-14;terça-feira;Carnaval
30/03/2040;2040-3-30;sexta-feira;Paixão de Cristo
21/04/2040;2040-4-21;sábado;Tiradentes
01/05/2040;2040-5-1;terça-feira;Dia do Trabalho
31/05/2040;2040-5-31;quinta-feira;Corpus Christi
07/09/2040;2040-9-7;sexta-feira;Independência do Brasil
12/10/2040;2040-10-12;sexta-feira;Nossa Sr.a Aparecida - Padroeira do Brasil
02/11/2040;2040-11-2;sexta-feira;Finados
15/11/2040;2040-11-15;quinta-feira;Proclamação da República
25/12/2040;2040-12-25;terça-feira;Natal
01/01/2041;2041-1-1;terça-feira;Confraternização Universal
04/03/2041;2041-3-4;segunda-feira;Carnaval
05/03/2041;2041-3-5;terça-feira;Carnaval
19/04/2041;2041-4-19;sexta-feira;Paixão de Cristo
21/04/2041;2041-4-21;domingo;Tiradentes
01/05/2041;2041-5-1;quarta-feira;Dia do Trabalho
20/06/2041;2041-6-20;quinta-feira;Corpus Christi
07/09/2041;2041-9-7;sábado;Independência do Brasil
12/10/2041;2041-10-12;sábado;Nossa Sr.a Aparecida - Padroeira do Brasil
02/11/2041;2041-11-2;sábado;Finados
15/11/2041;2041-11-15;sexta-feira;Proclamação da República
25/12/2041;2041-12-25;quarta-feira;Natal
01/01/2042;2042-1-1;quarta-feira;Confraternização Universal
17/02/2042;2042-2-17;segunda-feira;Carnaval
18/02/2042;2042-2-18;terça-feira;Carnaval
04/04/2042;2042-4-4;sexta-feira;Paixão de Cristo
21/04/2042;2042-4-21;segunda-feira;Tiradentes
01/05/2042;2042-5-1;quinta-feira;Dia do Trabalho
05/06/2042;2042-6-5;quinta-feira;Corpus Christi
07/09/2042;2042-9-7;domingo;Independência do Brasil
12/10/2042;2042-10-12;domingo;Nossa Sr.a Aparecida - Padroeira do Brasil
02/11/2042;2042-11-2;domingo;Finados
15/11/2042;2042-11-15;sábado;Proclamação da República
25/12/2042;2042-12-25;quinta-feira;Natal
01/01/2043;2043-1-1;quinta-feira;Confraternização Universal
09/02/2043;2043-2-9;segunda-feira;Carnaval
10/02/2043;2043-2-10;terça-feira;Carnaval
27/03/2043;2043-3-27;sexta-feira;Paixão de Cristo
21/04/2043;2043-4-21;terça-feira;Tiradentes
01/05/2043;2043-5-1;sexta-feira;Dia do Trabalho
28/05/2043;2043-5-28;quinta-feira;Corpus Christi
07/09/2043;2043-9-7;segunda-feira;Independência do Brasil
12/10/2043;2043-10-12;segunda-feira;Nossa Sr.a Aparecida - Padroeira do Brasil
02/11/2043;2043-11-2;segunda-feira;Finados
15/11/2043;2043-11-15;domingo;Proclamação da República
25/12/2043;2043-12-25;sexta-feira;Natal
01/01/2044;2044-1-1;sexta-feira;Confraternização Universal
29/02/2044;2044-2-29;segunda-feira;Carnaval
01/03/2044;2044-3-1;terça-feira;Carnaval
15/04/2044;2044-4-15;sexta-feira;Paixão de Cristo
21/04/2044;2044-4-21;quinta-feira;Tiradentes
01/05/2044;2044-5-1;domingo;Dia do Trabalho
16/06/2044;2044-6-16;quinta-feira;Corpus Christi
07/09/2044;2044-9-7;quarta-feira;Independência do Brasil
12/10/2044;2044-10-12;quarta-feira;Nossa Sr.a Aparecida - Padroeira do Brasil
02/11/2044;2044-11-2;quarta-feira;Finados
15/11/2044;2044-11-15;terça-feira;Proclamação da República
25/12/2044;2044-12-25;domingo;Natal
01/01/2045;2045-1-1;domingo;Confraternização Universal
20/02/2045;2045-2-20;segunda-feira;Carnaval
21/02/2045;2045-2-21;terça-feira;Carnaval
07/04/2045;2045-4-7;sexta-feira;Paixão de Cristo
21/04/2045;2045-4-21;sexta-feira;Tiradentes
01/05/2045;2045-5-1;segunda-feira;Dia do Trabalho
08/06/2045;2045-6-8;quinta-feira;Corpus Christi
07/09/2045;2045-9-7;quinta-feira;Independência do Brasil
12/10/2045;2045-10-12;quinta-feira;Nossa Sr.a Aparecida - Padroeira do Brasil
02/11/2045;2045-11-2;quinta-feira;Finados
15/11/2045;2045-11-15;quarta-feira;Proclamação da República
25/12/2045;2045-12-25;segunda-feira;Natal
01/01/2046;2046-1-1;segunda-feira;Confraternização Universal
05/02/2046;2046-2-5;segunda-feira;Carnaval
06/02/2046;2046-2-6;terça-feira;Carnaval
23/03/2046;2046-3-23;sexta-feira;Paixão de Cristo
21/04/2046;2046-4-21;sábado;Tiradentes
01/05/2046;2046-5-1;terça-feira;Dia do Trabalho
24/05/2046;2046-5-24;quinta-feira;Corpus Christi
07/09/2046;2046-9-7;sexta-feira;Independência do Brasil
12/10/2046;2046-10-12;sexta-feira;Nossa Sr.a Aparecida - Padroeira do Brasil
02/11/2046;2046-11-2;sexta-feira;Finados
15/11/2046;2046-11-15;quinta-feira;Proclamação da República
25/12/2046;2046-12-25;terça-feira;Natal
01/01/2047;2047-1-1;terça-feira;Confraternização Universal
25/02/2047;2047-2-25;segunda-feira;Carnaval
26/02/2047;2047-2-26;terça-feira;Carnaval
12/04/2047;2047-4-12;sexta-feira;Paixão de Cristo
21/04/2047;2047-4-21;terça-feira;Tiradentes
01/05/2047;2047-5-1;quarta-feira;Dia do Trabalho
13/06/2047;2047-6-13;quinta-feira;Corpus Christi
07/09/2047;2047-9-7;sábado;Independência do Brasil
12/10/2047;2047-10-12;sábado;Nossa Sr.a Aparecida - Padroeira do Brasil
02/11/2047;2047-11-2;sábado;Finados
15/11/2047;2047-11-15;sexta-feira;Proclamação da República
25/12/2047;2047-12-25;quarta-feira;Natal
01/01/2048;2048-1-1;quarta-feira;Confraternização Universal
17/02/2048;2048-2-17;segunda-feira;Carnaval
18/02/2048;2048-2-18;terça-feira;Carnaval
03/04/2048;2048-4-3;sexta-feira;Paixão de Cristo
21/04/2048;2048-4-21;terça-feira;Tiradentes
01/05/2048;2048-5-1;sexta-feira;Dia do Trabalho
04/06/2048;2048-6-4;quinta-feira;Corpus Christi
07/09/2048;2048-9-7;segunda-feira;Independência do Brasil
12/10/2048;2048-10-12;segunda-feira;Nossa Sr.a Aparecida - Padroeira do Brasil
02/11/2048;2048-11-2;segunda-feira;Finados
15/11/2048;2048-11-15;domingo;Proclamação da República
25/12/2048;2048-12-25;sexta-feira;Natal
01/01/2049;2049-1-1;sexta-feira;Confraternização Universal
01/03/2049;2049-3-1;segunda-feira;Carnaval
02/03/2049;2049-3-2;terça-feira;Carnaval
16/04/2049;2049-4-16;sexta-feira;Paixão de Cristo
21/04/2049;2049-4-21;quarta-feira;Tiradentes
01/05/2049;2049-5-1;sábado;Dia do Trabalho
17/06/2049;2049-6-17;quinta-feira;Corpus Christi
07/09/2049;2049-9-7;terça-feira;Independência do Brasil
12/10/2049;2049-10-12;terça-feira;Nossa Sr.a Aparecida - Padroeira do Brasil
02/11/2049;2049-11-2;terça-feira;Finados
15/11/2049;2049-11-15;segunda-feira;Proclamação da República
25/12/2049;2049-12-25;sábado;Natal
01/01/2050;2050-1-1;sábado;Confraternização Universal
21/02/2050;2050-2-21;segunda-feira;Carnaval
22/02/2050;2050-2-22;terça-feira;Carnaval
08/04/2050;2050-4-8;sexta-feira;Paixão de Cristo
21/04/2050;2050-4-21;quinta-feira;Tiradentes
01/05/2050;2050-5-1;domingo;Dia do Trabalho
09/06/2050;2050-6-9;quinta-feira;Corpus Christi
07/09/2050;2050-9-7;quarta-feira;Independência do Brasil
12/10/2050;2050-10-12;quarta-feira;Nossa Sr.a Aparecida - Padroeira do Brasil
02/11/2050;2050-11-2;quarta-feira;Finados
15/11/2050;2050-11-15;terça-feira;Proclamação da República
25/12/2050;2050-12-25;domingo;Natal
01/01/2051;2051-1-1;domingo;Confraternização Universal
13/02/2051;2051-2-13;segunda-feira;Carnaval
14/02/2051;2051-2-14;terça-feira;Carnaval
31/03/2051;2051-3-31;sexta-feira;Paixão de Cristo
21/04/2051;2051-4-21;sexta-feira;Tiradentes
01/05/2051;2051-5-1;segunda-feira;Dia do Trabalho
01/06/2051;2051-6-1;quinta-feira;Corpus Christi
07/09/2051;2051-9-7;quinta-feira;Independência do Brasil
12/10/2051;2051-10-12;quinta-feira;Nossa Sr.a Aparecida - Padroeira do Brasil
02/11/2051;2051-11-2;quinta-feira;Finados
15/11/2051;2051-11-15;quarta-feira;Proclamação da República
25/12/2051;2051-12-25;segunda-feira;Natal
01/01/2052;2052-1-1;segunda-feira;Confraternização Universal
04/03/2052;2052-3-4;segunda-feira;Carnaval
05/03/2052;2052-3-5;terça-feira;Carnaval
19/04/2052;2052-4-19;sexta-feira;Paixão de Cristo
21/04/2052;2052-4-21;domingo;Tiradentes
01/05/2052;2052-5-1;quarta-feira;Dia do Trabalho
20/06/2052;2052-6-20;quinta-feira;Corpus Christi
07/09/2052;2052-9-7;sábado;Independência do Brasil
12/10/2052;2052-10-12;sábado;Nossa Sr.a Aparecida - Padroeira do Brasil
02/11/2052;2052-11-2;sábado;Finados
15/11/2052;2052-11-15;sexta-feira;Proclamação da República
25/12/2052;2052-12-25;quarta-feira;Natal
01/01/2053;2053-1-1;quarta-feira;Confraternização Universal
17/02/2053;2053-2-17;segunda-feira;Carnaval
18/02/2053;2053-2-18;terça-feira;Carnaval
04/04/2053;2053-4-4;sexta-feira;Paixão de Cristo
21/04/2053;2053-4-21;segunda-feira;Tiradentes
01/05/2053;2053-5-1;quinta-feira;Dia do Trabalho
05/06/2053;2053-6-5;quinta-feira;Corpus Christi
07/09/2053;2053-9-7;domingo;Independência do Brasil
12/10/2053;2053-10-12;domingo;Nossa Sr.a Aparecida - Padroeira do Brasil
02/11/2053;2053-11-2;domingo;Finados
15/11/2053;2053-11-15;sábado;Proclamação da República
25/12/2053;2053-12-25;quinta-feira;Natal
01/01/2054;2054-1-1;quinta-feira;Confraternização Universal
09/02/2054;2054-2-9;segunda-feira;Carnaval
10/02/2054;2054-2-10;terça-feira;Carnaval
27/03/2054;2054-3-27;sexta-feira;Paixão de Cristo
21/04/2054;2054-4-21;terça-feira;Tiradentes
01/05/2054;2054-5-1;sexta-feira;Dia do Trabalho
28/05/2054;2054-5-28;quinta-feira;Corpus Christi
07/09/2054;2054-9-7;segunda-feira;Independência do Brasil
12/10/2054;2054-10-12;segunda-feira;Nossa Sr.a Aparecida - Padroeira do Brasil
02/11/2054;2054-11-2;segunda-feira;Finados
15/11/2054;2054-11-15;domingo;Proclamação da República
25/12/2054;2054-12-25;sexta-feira;Natal
01/01/2055;2055-1-1;sexta-feira;Confraternização Universal
01/03/2055;2055-3-1;segunda-feira;Carnaval
02/03/2055;2055-3-2;terça-feira;Carnaval
16/04/2055;2055-4-16;sexta-feira;Paixão de Cristo
21/04/2055;2055-4-21;quarta-feira;Tiradentes
01/05/2055;2055-5-1;sábado;Dia do Trabalho
17/06/2055;2055-6-17;quinta-feira;Corpus Christi
07/09/2055;2055-9-7;terça-feira;Independência do Brasil
12/10/2055;2055-10-12;terça-feira;Nossa Sr.a Aparecida - Padroeira do Brasil
02/11/2055;2055-11-2;terça-feira;Finados
15/11/2055;2055-11-15;segunda-feira;Proclamação da República
25/12/2055;2055-12-25;sábado;Natal
01/01/2056;2056-1-1;sábado;Confraternização Universal
14/02/2056;2056-2-14;segunda-feira;Carnaval
15/02/2056;2056-2-15;terça-feira;Carnaval
31/03/2056;2056-3-31;sexta-feira;Paixão de Cristo
21/04/2056;2056-4-21;sexta-feira;Tiradentes
01/05/2056;2056-5-1;segunda-feira;Dia do Trabalho
01/06/2056;2056-6-1;quinta-feira;Corpus Christi
07/09/2056;2056-9-7;quinta-feira;Independência do Brasil
12/10/2056;2056-10-12;quinta-feira;Nossa Sr.a Aparecida - Padroeira do Brasil
02/11/2056;2056-11-2;quinta-feira;Finados
15/11/2056;2056-11-15;quarta-feira;Proclamação da República
25/12/2056;2056-12-25;segunda-feira;Natal
01/01/2057;2057-1-1;segunda-feira;Confraternização Universal
05/03/2057;2057-3-5;segunda-feira;Carnaval
06/03/2057;2057-3-6;terça-feira;Carnaval
20/04/2057;2057-4-20;sexta-feira;Paixão de Cristo
21/04/2057;2057-4-21;sábado;Tiradentes
01/05/2057;2057-5-1;terça-feira;Dia do Trabalho
21/06/2057;2057-6-21;quinta-feira;Corpus Christi
07/09/2057;2057-9-7;sexta-feira;Independência do Brasil
12/10/2057;2057-10-12;sexta-feira;Nossa Sr.a Aparecida - Padroeira do Brasil
02/11/2057;2057-11-2;sexta-feira;Finados
15/11/2057;2057-11-15;quinta-feira;Proclamação da República
25/12/2057;2057-12-25;terça-feira;Natal
01/01/2058;2058-1-1;terça-feira;Confraternização Universal
25/02/2058;2058-2-25;segunda-feira;Carnaval
26/02/2058;2058-2-26;terça-feira;Carnaval
12/04/2058;2058-4-12;sexta-feira;Paixão de Cristo
21/04/2058;2058-4-21;domingo;Tiradentes
01/05/2058;2058-5-1;quarta-feira;Dia do Trabalho
13/06/2058;2058-6-13;quinta-feira;Corpus Christi
07/09/2058;2058-9-7;sábado;Independência do Brasil
12/10/2058;2058-10-12;sábado;Nossa Sr.a Aparecida - Padroeira do Brasil
02/11/2058;2058-11-2;sábado;Finados
15/11/2058;2058-11-15;sexta-feira;Proclamação da República
25/12/2058;2058-12-25;quarta-feira;Natal
01/01/2059;2059-1-1;quarta-feira;Confraternização Universal
10/02/2059;2059-2-10;segunda-feira;Carnaval
11/02/2059;2059-2-11;terça-feira;Carnaval
28/03/2059;2059-3-28;sexta-feira;Paixão de Cristo
21/04/2059;2059-4-21;segunda-feira;Tiradentes
01/05/2059;2059-5-1;quinta-feira;Dia do Trabalho
29/05/2059;2059-5-29;quinta-feira;Corpus Christi
07/09/2059;2059-9-7;domingo;Independência do Brasil
12/10/2059;2059-10-12;domingo;Nossa Sr.a Aparecida - Padroeira do Brasil
02/11/2059;2059-11-2;domingo;Finados
15/11/2059;2059-11-15;sábado;Proclamação da República
25/12/2059;2059-12-25;quinta-feira;Natal
01/01/2060;2060-1-1;quinta-feira;Confraternização Universal
01/03/2060;2060-3-1;segunda-feira;Carnaval
02/03/2060;2060-3-2;terça-feira;Carnaval
16/04/2060;2060-4-16;sexta-feira;Paixão de Cristo
21/04/2060;2060-4-21;quarta-feira;Tiradentes
01/05/2060;2060-5-1;sábado;Dia do Trabalho
17/06/2060;2060-6-17;quinta-feira;Corpus Christi
07/09/2060;2060-9-7;terça-feira;Independência do Brasil
12/10/2060;2060-10-12;terça-feira;Nossa Sr.a Aparecida - Padroeira do Brasil
02/11/2060;2060-11-2;terça-feira;Finados
15/11/2060;2060-11-15;segunda-feira;Proclamação da República
25/12/2060;2060-12-25;sábado;Natal
01/01/2061;2061-1-1;sábado;Confraternização Universal
21/02/2061;2061-2-21;segunda-feira;Carnaval
22/02/2061;2061-2-22;terça-feira;Carnaval
08/04/2061;2061-4-8;sexta-feira;Paixão de Cristo
21/04/2061;2061-4-21;quinta-feira;Tiradentes
01/05/2061;2061-5-1;domingo;Dia do Trabalho
09/06/2061;2061-6-9;quinta-feira;Corpus Christi
07/09/2061;2061-9-7;quarta-feira;Independência do Brasil
12/10/2061;2061-10-12;quarta-feira;Nossa Sr.a Aparecida - Padroeira do Brasil
02/11/2061;2061-11-2;quarta-feira;Finados
15/11/2061;2061-11-15;terça-feira;Proclamação da República
25/12/2061;2061-12-25;domingo;Natal
01/01/2062;2062-1-1;domingo;Confraternização Universal
06/02/2062;2062-2-6;segunda-feira;Carnaval
07/02/2062;2062-2-7;terça-feira;Carnaval
24/03/2062;2062-3-24;sexta-feira;Paixão de Cristo
21/04/2062;2062-4-21;sexta-feira;Tiradentes
01/05/2062;2062-5-1;segunda-feira;Dia do Trabalho
25/05/2062;2062-5-25;quinta-feira;Corpus Christi
07/09/2062;2062-9-7;quinta-feira;Independência do Brasil
12/10/2062;2062-10-12;quinta-feira;Nossa Sr.a Aparecida - Padroeira do Brasil
02/11/2062;2062-11-2;quinta-feira;Finados
15/11/2062;2062-11-15;quarta-feira;Proclamação da República
25/12/2062;2062-12-25;segunda-feira;Natal
01/01/2063;2063-1-1;segunda-feira;Confraternização Universal
26/02/2063;2063-2-26;segunda-feira;Carnaval
27/02/2063;2063-2-27;terça-feira;Carnaval
13/04/2063;2063-4-13;sexta-feira;Paixão de Cristo
21/04/2063;2063-4-21;sábado;Tiradentes
01/05/2063;2063-5-1;terça-feira;Dia do Trabalho
14/06/2063;2063-6-14;quinta-feira;Corpus Christi
07/09/2063;2063-9-7;sexta-feira;Independência do Brasil
12/10/2063;2063-10-12;sexta-feira;Nossa Sr.a Aparecida - Padroeira do Brasil
02/11/2063;2063-11-2;sexta-feira;Finados
15/11/2063;2063-11-15;quinta-feira;Proclamação da República
25/12/2063;2063-12-25;terça-feira;Natal
01/01/2064;2064-1-1;terça-feira;Confraternização Universal
18/02/2064;2064-2-18;segunda-feira;Carnaval
19/02/2064;2064-2-19;terça-feira;Carnaval
04/04/2064;2064-4-4;sexta-feira;Paixão de Cristo
21/04/2064;2064-4-21;segunda-feira;Tiradentes
01/05/2064;2064-5-1;quinta-feira;Dia do Trabalho
05/06/2064;2064-6-5;quinta-feira;Corpus Christi
07/09/2064;2064-9-7;domingo;Independência do Brasil
12/10/2064;2064-10-12;domingo;Nossa Sr.a Aparecida - Padroeira do Brasil
02/11/2064;2064-11-2;domingo;Finados
15/11/2064;2064-11-15;sábado;Proclamação da República
25/12/2064;2064-12-25;quinta-feira;Natal
01/01/2065;2065-1-1;quinta-feira;Confraternização Universal
09/02/2065;2065-2-9;segunda-feira;Carnaval
10/02/2065;2065-2-10;terça-feira;Carnaval
27/03/2065;2065-3-27;sexta-feira;Paixão de Cristo
21/04/2065;2065-4-21;terça-feira;Tiradentes
01/05/2065;2065-5-1;sexta-feira;Dia do Trabalho
28/05/2065;2065-5-28;quinta-feira;Corpus Christi
07/09/2065;2065-9-7;segunda-feira;Independência do Brasil
12/10/2065;2065-10-12;segunda-feira;Nossa Sr.a Aparecida - Padroeira do Brasil
02/11/2065;2065-11-2;segunda-feira;Finados
15/11/2065;2065-11-15;domingo;Proclamação da República
25/12/2065;2065-12-25;sexta-feira;Natal
01/01/2066;2066-1-1;sexta-feira;Confraternização Universal
22/02/2066;2066-2-22;segunda-feira;Carnaval
23/02/2066;2066-2-23;terça-feira;Carnaval
09/04/2066;2066-4-9;sexta-feira;Paixão de Cristo
21/04/2066;2066-4-21;quarta-feira;Tiradentes
01/05/2066;2066-5-1;sábado;Dia do Trabalho
10/06/2066;2066-6-10;quinta-feira;Corpus Christi
07/09/2066;2066-9-7;terça-feira;Independência do Brasil
12/10/2066;2066-10-12;terça-feira;Nossa Sr.a Aparecida - Padroeira do Brasil
02/11/2066;2066-11-2;terça-feira;Finados
15/11/2066;2066-11-15;segunda-feira;Proclamação da República
25/12/2066;2066-12-25;sábado;Natal
01/01/2067;2067-1-1;sábado;Confraternização Universal
14/02/2067;2067-2-14;segunda-feira;Carnaval
15/02/2067;2067-2-15;terça-feira;Carnaval
01/04/2067;2067-4-1;sexta-feira;Paixão de Cristo
21/04/2067;2067-4-21;quinta-feira;Tiradentes
01/05/2067;2067-5-1;domingo;Dia do Trabalho
02/06/2067;2067-6-2;quinta-feira;Corpus Christi
07/09/2067;2067-9-7;quarta-feira;Independência do Brasil
12/10/2067;2067-10-12;quarta-feira;Nossa Sr.a Aparecida - Padroeira do Brasil
02/11/2067;2067-11-2;quarta-feira;Finados
15/11/2067;2067-11-15;terça-feira;Proclamação da República
25/12/2067;2067-12-25;domingo;Natal
01/01/2068;2068-1-1;domingo;Confraternização Universal
05/03/2068;2068-3-5;segunda-feira;Carnaval
06/03/2068;2068-3-6;terça-feira;Carnaval
20/04/2068;2068-4-20;sexta-feira;Paixão de Cristo
21/04/2068;2068-4-21;sábado;Tiradentes
01/05/2068;2068-5-1;terça-feira;Dia do Trabalho
21/06/2068;2068-6-21;quinta-feira;Corpus Christi
07/09/2068;2068-9-7;sexta-feira;Independência do Brasil
12/10/2068;2068-10-12;sexta-feira;Nossa Sr.a Aparecida - Padroeira do Brasil
02/11/2068;2068-11-2;sexta-feira;Finados
15/11/2068;2068-11-15;quinta-feira;Proclamação da República
25/12/2068;2068-12-25;terça-feira;Natal
01/01/2069;2069-1-1;terça-feira;Confraternização Universal
25/02/2069;2069-2-25;segunda-feira;Carnaval
26/02/2069;2069-2-26;terça-feira;Carnaval
12/04/2069;2069-4-12;sexta-feira;Paixão de Cristo
21/04/2069;2069-4-21;domingo;Tiradentes
01/05/2069;2069-5-1;quarta-feira;Dia do Trabalho
13/06/2069;2069-6-13;quinta-feira;Corpus Christi
07/09/2069;2069-9-7;sábado;Independência do Brasil
12/10/2069;2069-10-12;sábado;Nossa Sr.a Aparecida - Padroeira do Brasil
02/11/2069;2069-11-2;sábado;Finados
15/11/2069;2069-11-15;sexta-feira;Proclamação da República
25/12/2069;2069-12-25;quarta-feira;Natal
01/01/2070;2070-1-1;quarta-feira;Confraternização Universal
10/02/2070;2070-2-10;segunda-feira;Carnaval
11/02/2070;2070-2-11;terça-feira;Carnaval
28/03/2070;2070-3-28;sexta-feira;Paixão de Cristo
21/04/2070;2070-4-21;segunda-feira;Tiradentes
01/05/2070;2070-5-1;quinta-feira;Dia do Trabalho
29/05/2070;2070-5-29;quinta-feira;Corpus Christi
07/09/2070;2070-9-7;domingo;Independência do Brasil
12/10/2070;2070-10-12;domingo;Nossa Sr.a Aparecida - Padroeira do Brasil
02/11/2070;2070-11-2;domingo;Finados
15/11/2070;2070-11-15;sábado;Proclamação da República
25/12/2070;2070-12-25;quinta-feira;Natal
01/01/2071;2071-1-1;quinta-feira;Confraternização Universal
02/03/2071;2071-3-2;segunda-feira;Carnaval
03/03/2071;2071-3-3;terça-feira;Carnaval
17/04/2071;2071-4-17;sexta-feira;Paixão de Cristo
21/04/2071;2071-4-21;terça-feira;Tiradentes
01/05/2071;2071-5-1;sexta-feira;Dia do Trabalho
18/06/2071;2071-6-18;quinta-feira;Corpus Christi
07/09/2071;2071-9-7;segunda-feira;Independência do Brasil
12/10/2071;2071-10-12;segunda-feira;Nossa Sr.a Aparecida - Padroeira do Brasil
02/11/2071;2071-11-2;segunda-feira;Finados
15/11/2071;2071-11-15;domingo;Proclamação da República
25/12/2071;2071-12-25;sexta-feira;Natal
01/01/2072;2072-1-1;sexta-feira;Confraternização Universal
22/02/2072;2072-2-22;segunda-feira;Carnaval
23/02/2072;2072-2-23;terça-feira;Carnaval
08/04/2072;2072-4-8;sexta-feira;Paixão de Cristo
21/04/2072;2072-4-21;quinta-feira;Tiradentes
01/05/2072;2072-5-1;domingo;Dia do Trabalho
09/06/2072;2072-6-9;quinta-feira;Corpus Christi
07/09/2072;2072-9-7;quarta-feira;Independência do Brasil
12/10/2072;2072-10-12;quarta-feira;Nossa Sr.a Aparecida - Padroeira do Brasil
02/11/2072;2072-11-2;quarta-feira;Finados
15/11/2072;2072-11-15;terça-feira;Proclamação da República
25/12/2072;2072-12-25;domingo;Natal
01/01/2073;2073-1-1;domingo;Confraternização Universal
06/02/2073;2073-2-6;segunda-feira;Carnaval
07/02/2073;2073-2-7;terça-feira;Carnaval
24/03/2073;2073-3-24;sexta-feira;Paixão de Cristo
21/04/2073;2073-4-21;sexta-feira;Tiradentes
01/05/2073;2073-5-1;segunda-feira;Dia do Trabalho
25/05/2073;2073-5-25;quinta-feira;Corpus Christi
07/09/2073;2073-9-7;quinta-feira;Independência do Brasil
12/10/2073;2073-10-12;quinta-feira;Nossa Sr.a Aparecida - Padroeira do Brasil
02/11/2073;2073-11-2;quinta-feira;Finados
15/11/2073;2073-11-15;quarta-feira;Proclamação da República
25/12/2073;2073-12-25;segunda-feira;Natal
01/01/2074;2074-1-1;segunda-feira;Confraternização Universal
26/02/2074;2074-2-26;segunda-feira;Carnaval
27/02/2074;2074-2-27;terça-feira;Carnaval
13/04/2074;2074-4-13;sexta-feira;Paixão de Cristo
21/04/2074;2074-4-21;sábado;Tiradentes
01/05/2074;2074-5-1;terça-feira;Dia do Trabalho
14/06/2074;2074-6-14;quinta-feira;Corpus Christi
07/09/2074;2074-9-7;sexta-feira;Independência do Brasil
12/10/2074;2074-10-12;sexta-feira;Nossa Sr.a Aparecida - Padroeira do Brasil
02/11/2074;2074-11-2;sexta-feira;Finados
15/11/2074;2074-11-15;quinta-feira;Proclamação da República
25/12/2074;2074-12-25;terça-feira;Natal
01/01/2075;2075-1-1;terça-feira;Confraternização Universal
18/02/2075;2075-2-18;segunda-feira;Carnaval
19/02/2075;2075-2-19;terça-feira;Carnaval
05/04/2075;2075-4-5;sexta-feira;Paixão de Cristo
21/04/2075;2075-4-21;domingo;Tiradentes
01/05/2075;2075-5-1;quarta-feira;Dia do Trabalho
06/06/2075;2075-6-6;quinta-feira;Corpus Christi
07/09/2075;2075-9-7;sábado;Independência do Brasil
12/10/2075;2075-10-12;sábado;Nossa Sr.a Aparecida - Padroeira do Brasil
02/11/2075;2075-11-2;sábado;Finados
15/11/2075;2075-11-15;sexta-feira;Proclamação da República
25/12/2075;2075-12-25;quarta-feira;Natal
01/01/2076;2076-1-1;quarta-feira;Confraternização Universal
02/03/2076;2076-3-2;segunda-feira;Carnaval
03/03/2076;2076-3-3;terça-feira;Carnaval
17/04/2076;2076-4-17;sexta-feira;Paixão de Cristo
21/04/2076;2076-4-21;terça-feira;Tiradentes
01/05/2076;2076-5-1;sexta-feira;Dia do Trabalho
18/06/2076;2076-6-18;quinta-feira;Corpus Christi
07/09/2076;2076-9-7;segunda-feira;Independência do Brasil
12/10/2076;2076-10-12;segunda-feira;Nossa Sr.a Aparecida - Padroeira do Brasil
02/11/2076;2076-11-2;segunda-feira;Finados
15/11/2076;2076-11-15;domingo;Proclamação da República
25/12/2076;2076-12-25;sexta-feira;Natal
01/01/2077;2077-1-1;sexta-feira;Confraternização Universal
22/02/2077;2077-2-22;segunda-feira;Carnaval
23/02/2077;2077-2-23;terça-feira;Carnaval
09/04/2077;2077-4-9;sexta-feira;Paixão de Cristo
21/04/2077;2077-4-21;quarta-feira;Tiradentes
01/05/2077;2077-5-1;sábado;Dia do Trabalho
10/06/2077;2077-6-10;quinta-feira;Corpus Christi
07/09/2077;2077-9-7;terça-feira;Independência do Brasil
12/10/2077;2077-10-12;terça-feira;Nossa Sr.a Aparecida - Padroeira do Brasil
02/11/2077;2077-11-2;terça-feira;Finados
15/11/2077;2077-11-15;segunda-feira;Proclamação da República
25/12/2077;2077-12-25;sábado;Natal
01/01/2078;2078-1-1;terça-feira;Confraternização Universal
14/02/2078;2078-2-14;segunda-feira;Carnaval
15/02/2078;2078-2-15;terça-feira;Carnaval
01/04/2078;2078-4-1;sexta-feira;Paixão de Cristo
21/04/2078;2078-4-21;quinta-feira;Tiradentes
01/05/2078;2078-5-1;quarta-feira;Dia do Trabalho
02/06/2078;2078-6-2;quinta-feira;Corpus Christi
07/09/2078;2078-9-7;quarta-feira;Independência do Brasil
12/10/2078;2078-10-12;quarta-feira;Nossa Sr.a Aparecida - Padroeira do Brasil
02/11/2078;2078-11-2;quarta-feira;Finados
15/11/2078;2078-11-15;terça-feira;Proclamação da República
25/12/2078;2078-12-25;quarta-feira;Natal